{"cameraMode":{"drawMode":0,"name":"Shaded","section":"Shading Mode"},"sceneLighting":true,"audioPlay":false,"sceneViewState":{"showFog":true,"showMaterialUpdate":true,"showSkybox":true,"showFlares":true,"showImageEffects":true,"showParticleSystems":true},"in2DMode":false,"pivot":{"x":-651.2327880859375,"y":-583.1470947265625,"z":473.07403564453127},"rotation":{"x":0.2763453722000122,"y":-0.43141233921051028,"z":0.14072220027446748,"w":0.8471837043762207},"size":506.0498352050781,"orthographic":false}